{"entities":{"pages":{"welcome":{"id":"welcome","title":"首页","url":"welcome.html","level":0,"tabIndex":0},"7b79a0d6_25519":{"id":"7b79a0d6_25519","title":"介绍","level":0,"pages":["intellij_platform","about","code_samples","getting_help","content_updates"],"tabIndex":1},"intellij_platform":{"id":"intellij_platform","title":"IntelliJ 平台","url":"intellij-platform.html","level":1,"parentId":"7b79a0d6_25519","pages":["platform_contributions","intellij_coding_guidelines"],"tabIndex":0},"platform_contributions":{"id":"platform_contributions","title":"为 IntelliJ 平台做出贡献","url":"platform-contributions.html","level":2,"parentId":"intellij_platform","tabIndex":0},"intellij_coding_guidelines":{"id":"intellij_coding_guidelines","title":"IntelliJ 平台编码指南","url":"intellij-coding-guidelines.html","level":2,"parentId":"intellij_platform","tabIndex":1},"about":{"id":"about","title":"IntelliJ 平台 SDK","url":"about.html","level":1,"parentId":"7b79a0d6_25519","pages":["key_topics","intellij-sdk-docs-original_CONTRIBUTING","intellij-sdk-docs-original_CODE_OF_CONDUCT"],"tabIndex":1},"key_topics":{"id":"key_topics","title":"重点专题","url":"key-topics.html","level":2,"parentId":"about","tabIndex":0},"intellij-sdk-docs-original_CONTRIBUTING":{"id":"intellij-sdk-docs-original_CONTRIBUTING","title":"为 SDK 做出贡献","url":"intellij-sdk-docs-original-contributing.html","level":2,"parentId":"about","pages":["sdk_style","sdk_code_guidelines"],"tabIndex":1},"sdk_style":{"id":"sdk_style","title":"SDK 文档风格指南","url":"sdk-style.html","level":3,"parentId":"intellij-sdk-docs-original_CONTRIBUTING","tabIndex":0},"sdk_code_guidelines":{"id":"sdk_code_guidelines","title":"SDK 代码示例指南","url":"sdk-code-guidelines.html","level":3,"parentId":"intellij-sdk-docs-original_CONTRIBUTING","tabIndex":1},"intellij-sdk-docs-original_CODE_OF_CONDUCT":{"id":"intellij-sdk-docs-original_CODE_OF_CONDUCT","title":"行为守则","url":"intellij-sdk-docs-original-code-of-conduct.html","level":2,"parentId":"about","tabIndex":2},"code_samples":{"id":"code_samples","title":"代码示例","url":"code-samples.html","level":1,"parentId":"7b79a0d6_25519","tabIndex":2},"getting_help":{"id":"getting_help","title":"寻求帮助","url":"getting-help.html","level":1,"parentId":"7b79a0d6_25519","tabIndex":3},"content_updates":{"id":"content_updates","title":"内容更新","url":"content-updates.html","level":1,"parentId":"7b79a0d6_25519","tabIndex":4},"7b79a0d6_25532":{"id":"7b79a0d6_25532","title":"第一部分——插件","level":0,"pages":["plugins_quick_start","developing_plugins","plugin_structure","dynamic_plugins","plugin_user_experience","faq"],"tabIndex":2},"plugins_quick_start":{"id":"plugins_quick_start","title":"快速入门指南","url":"plugins-quick-start.html","level":1,"parentId":"7b79a0d6_25532","pages":["plugin_alternatives","plugin_required_experience","plugin_types"],"tabIndex":0},"plugin_alternatives":{"id":"plugin_alternatives","title":"插件替代品","url":"plugin-alternatives.html","level":2,"parentId":"plugins_quick_start","tabIndex":0},"plugin_required_experience":{"id":"plugin_required_experience","title":"所需经验","url":"plugin-required-experience.html","level":2,"parentId":"plugins_quick_start","tabIndex":1},"plugin_types":{"id":"plugin_types","title":"插件类型","url":"plugin-types.html","level":2,"parentId":"plugins_quick_start","tabIndex":2},"developing_plugins":{"id":"developing_plugins","title":"开发插件","url":"developing-plugins.html","level":1,"parentId":"7b79a0d6_25532","pages":["creating_plugin_project","configuring_plugin_project","ide_development_instance","plugin_signing","publishing_plugin"],"tabIndex":1},"creating_plugin_project":{"id":"creating_plugin_project","title":"创建插件 Gradle 项目","url":"creating-plugin-project.html","level":2,"parentId":"developing_plugins","pages":["plugin_github_template","migrating_plugin_devkit_to_gradle"],"tabIndex":0},"plugin_github_template":{"id":"plugin_github_template","title":"插件 GitHub 模板","url":"plugin-github-template.html","level":3,"parentId":"creating_plugin_project","tabIndex":0},"migrating_plugin_devkit_to_gradle":{"id":"migrating_plugin_devkit_to_gradle","title":"将 DevKit 插件迁移到 Gradle","url":"migrating-plugin-devkit-to-gradle.html","level":3,"parentId":"creating_plugin_project","tabIndex":1},"configuring_plugin_project":{"id":"configuring_plugin_project","title":"Configuring Gradle IntelliJ Plugin","url":"configuring-plugin-project.html","level":2,"parentId":"developing_plugins","pages":["using_kotlin"],"tabIndex":1},"using_kotlin":{"id":"using_kotlin","title":"Configuring Kotlin Support","url":"using-kotlin.html","level":3,"parentId":"configuring_plugin_project","tabIndex":0},"ide_development_instance":{"id":"ide_development_instance","title":"IDE 开发实例","url":"ide-development-instance.html","level":2,"parentId":"developing_plugins","tabIndex":2},"plugin_signing":{"id":"plugin_signing","title":"Plugin Signing","url":"plugin-signing.html","level":2,"parentId":"developing_plugins","tabIndex":3},"publishing_plugin":{"id":"publishing_plugin","title":"Publishing a Plugin","url":"publishing-plugin.html","level":2,"parentId":"developing_plugins","tabIndex":4},"plugin_structure":{"id":"plugin_structure","title":"Plugin Structure","url":"plugin-structure.html","level":1,"parentId":"7b79a0d6_25532","pages":["plugin_content","bundling_plugin_openapi_sources","plugin_class_loaders","plugin_actions","plugin_extensions","plugin_services","plugin_listeners","plugin_extension_points","plugin_components","plugin_configuration_file","plugin_icon_file","plugin_dependencies"],"tabIndex":2},"plugin_content":{"id":"plugin_content","title":"Plugin Content","url":"plugin-content.html","level":2,"parentId":"plugin_structure","tabIndex":0},"bundling_plugin_openapi_sources":{"id":"bundling_plugin_openapi_sources","title":"插件 API 源","url":"bundling-plugin-openapi-sources.html","level":2,"parentId":"plugin_structure","tabIndex":1},"plugin_class_loaders":{"id":"plugin_class_loaders","title":"Class Loaders","url":"plugin-class-loaders.html","level":2,"parentId":"plugin_structure","tabIndex":2},"plugin_actions":{"id":"plugin_actions","title":"Actions","url":"plugin-actions.html","level":2,"parentId":"plugin_structure","tabIndex":3},"plugin_extensions":{"id":"plugin_extensions","title":"扩展","url":"plugin-extensions.html","level":2,"parentId":"plugin_structure","tabIndex":4},"plugin_services":{"id":"plugin_services","title":"Services","url":"plugin-services.html","level":2,"parentId":"plugin_structure","tabIndex":5},"plugin_listeners":{"id":"plugin_listeners","title":"Listeners","url":"plugin-listeners.html","level":2,"parentId":"plugin_structure","tabIndex":6},"plugin_extension_points":{"id":"plugin_extension_points","title":"Extension Points","url":"plugin-extension-points.html","level":2,"parentId":"plugin_structure","tabIndex":7},"plugin_components":{"id":"plugin_components","title":"Components","url":"plugin-components.html","level":2,"parentId":"plugin_structure","tabIndex":8},"plugin_configuration_file":{"id":"plugin_configuration_file","title":"插件配置文件","url":"plugin-configuration-file.html","level":2,"parentId":"plugin_structure","tabIndex":9},"plugin_icon_file":{"id":"plugin_icon_file","title":"Plugin Logo","url":"plugin-icon-file.html","level":2,"parentId":"plugin_structure","tabIndex":10},"plugin_dependencies":{"id":"plugin_dependencies","title":"Plugin Dependencies","url":"plugin-dependencies.html","level":2,"parentId":"plugin_structure","tabIndex":11},"dynamic_plugins":{"id":"dynamic_plugins","title":"Dynamic Plugins","url":"dynamic-plugins.html","level":1,"parentId":"7b79a0d6_25532","tabIndex":3},"plugin_user_experience":{"id":"plugin_user_experience","title":"Plugin User Experience (UX)","url":"plugin-user-experience.html","level":1,"parentId":"7b79a0d6_25532","tabIndex":4},"faq":{"id":"faq","title":"Plugin Development FAQ","url":"faq.html","level":1,"parentId":"7b79a0d6_25532","tabIndex":5},"7b79a0d6_25562":{"id":"7b79a0d6_25562","title":"第二部分 —— 基础平台","level":0,"pages":["fundamentals","ide_infrastructure","user_interface_components","jcef","basic_action_system","persistence","settings","virtual_file_system","documents","editors","execution","vcs_integration_for_plugins","7b79a0d6_25614","localization_guide","7b79a0d6_25616"],"tabIndex":3},"fundamentals":{"id":"fundamentals","title":"Fundamentals","url":"fundamentals.html","level":1,"parentId":"7b79a0d6_25562","pages":["7b79a0d6_25564","disposers","general_threading_rules","messaging_infrastructure","7b79a0d6_25569"],"tabIndex":0},"7b79a0d6_25564":{"id":"7b79a0d6_25564","title":"组件模型","level":2,"parentId":"fundamentals","tabIndex":0},"disposers":{"id":"disposers","title":"Disposer and Disposable","url":"disposers.html","level":2,"parentId":"fundamentals","tabIndex":1},"general_threading_rules":{"id":"general_threading_rules","title":"Threading","url":"general-threading-rules.html","level":2,"parentId":"fundamentals","pages":["7b79a0d6_25567"],"tabIndex":2},"7b79a0d6_25567":{"id":"7b79a0d6_25567","title":"后台任务","level":3,"parentId":"general_threading_rules","tabIndex":0},"messaging_infrastructure":{"id":"messaging_infrastructure","title":"Messaging Infrastructure","url":"messaging-infrastructure.html","level":2,"parentId":"fundamentals","tabIndex":3},"7b79a0d6_25569":{"id":"7b79a0d6_25569","title":"查询和查询执行器","level":2,"parentId":"fundamentals","tabIndex":4},"ide_infrastructure":{"id":"ide_infrastructure","title":"IDE Infrastructure","url":"ide-infrastructure.html","level":1,"parentId":"7b79a0d6_25562","tabIndex":1},"user_interface_components":{"id":"user_interface_components","title":"User Interface Components","url":"user-interface-components.html","level":1,"parentId":"7b79a0d6_25562","pages":["tool_windows","dialog_wrapper","kotlin_ui_dsl_version_2","popups","notifications","file_and_class_choosers","editor_components","lists_and_trees","status_bar_widgets","misc_swing_components","work_with_icons_and_images","color_scheme_management","themes_metadata"],"tabIndex":2},"tool_windows":{"id":"tool_windows","title":"Tool Windows","url":"tool-windows.html","level":2,"parentId":"user_interface_components","tabIndex":0},"dialog_wrapper":{"id":"dialog_wrapper","title":"Dialogs","url":"dialog-wrapper.html","level":2,"parentId":"user_interface_components","tabIndex":1},"kotlin_ui_dsl_version_2":{"id":"kotlin_ui_dsl_version_2","title":"Kotlin UI DSL Version 2","url":"kotlin-ui-dsl-version-2.html","level":2,"parentId":"user_interface_components","pages":["kotlin_ui_dsl"],"tabIndex":2},"kotlin_ui_dsl":{"id":"kotlin_ui_dsl","title":"Kotlin UI DSL Version 1","url":"kotlin-ui-dsl.html","level":3,"parentId":"kotlin_ui_dsl_version_2","tabIndex":0},"popups":{"id":"popups","title":"Popups","url":"popups.html","level":2,"parentId":"user_interface_components","tabIndex":3},"notifications":{"id":"notifications","title":"Notifications","url":"notifications.html","level":2,"parentId":"user_interface_components","tabIndex":4},"file_and_class_choosers":{"id":"file_and_class_choosers","title":"File and Class Choosers","url":"file-and-class-choosers.html","level":2,"parentId":"user_interface_components","tabIndex":5},"editor_components":{"id":"editor_components","title":"Editor Components","url":"editor-components.html","level":2,"parentId":"user_interface_components","tabIndex":6},"lists_and_trees":{"id":"lists_and_trees","title":"List and Tree Controls","url":"lists-and-trees.html","level":2,"parentId":"user_interface_components","tabIndex":7},"status_bar_widgets":{"id":"status_bar_widgets","title":"Status Bar Widgets","url":"status-bar-widgets.html","level":2,"parentId":"user_interface_components","tabIndex":8},"misc_swing_components":{"id":"misc_swing_components","title":"Miscellaneous Swing Components","url":"misc-swing-components.html","level":2,"parentId":"user_interface_components","tabIndex":9},"work_with_icons_and_images":{"id":"work_with_icons_and_images","title":"图标和图片","url":"work-with-icons-and-images.html","level":2,"parentId":"user_interface_components","tabIndex":10},"color_scheme_management":{"id":"color_scheme_management","title":"Color Scheme Management","url":"color-scheme-management.html","level":2,"parentId":"user_interface_components","tabIndex":11},"themes_metadata":{"id":"themes_metadata","title":"Exposing Theme Metadata","url":"themes-metadata.html","level":2,"parentId":"user_interface_components","tabIndex":12},"jcef":{"id":"jcef","title":"JCEF","url":"jcef.html","level":1,"parentId":"7b79a0d6_25562","tabIndex":3},"basic_action_system":{"id":"basic_action_system","title":"操作","url":"basic-action-system.html","level":1,"parentId":"7b79a0d6_25562","pages":["action_system"],"tabIndex":4},"action_system":{"id":"action_system","title":"Actions Tutorial","url":"action-system.html","level":2,"parentId":"basic_action_system","pages":["working_with_custom_actions","grouping_action"],"tabIndex":0},"working_with_custom_actions":{"id":"working_with_custom_actions","title":"Creating Actions","url":"working-with-custom-actions.html","level":3,"parentId":"action_system","tabIndex":0},"grouping_action":{"id":"grouping_action","title":"Grouping Actions","url":"grouping-action.html","level":3,"parentId":"action_system","tabIndex":1},"persistence":{"id":"persistence","title":"持久化","url":"persistence.html","level":1,"parentId":"7b79a0d6_25562","pages":["persisting_state_of_components","persisting_sensitive_data"],"tabIndex":5},"persisting_state_of_components":{"id":"persisting_state_of_components","title":"Persisting State of Components","url":"persisting-state-of-components.html","level":2,"parentId":"persistence","tabIndex":0},"persisting_sensitive_data":{"id":"persisting_sensitive_data","title":"Persisting Sensitive Data","url":"persisting-sensitive-data.html","level":2,"parentId":"persistence","tabIndex":1},"settings":{"id":"settings","title":"Settings","url":"settings.html","level":1,"parentId":"7b79a0d6_25562","pages":["settings_guide","settings_groups","settings_tutorial"],"tabIndex":6},"settings_guide":{"id":"settings_guide","title":"Settings Guide","url":"settings-guide.html","level":2,"parentId":"settings","tabIndex":0},"settings_groups":{"id":"settings_groups","title":"Custom Settings Groups","url":"settings-groups.html","level":2,"parentId":"settings","tabIndex":1},"settings_tutorial":{"id":"settings_tutorial","title":"Settings Tutorial","url":"settings-tutorial.html","level":2,"parentId":"settings","tabIndex":2},"virtual_file_system":{"id":"virtual_file_system","title":"Virtual File System","url":"virtual-file-system.html","level":1,"parentId":"7b79a0d6_25562","pages":["virtual_file"],"tabIndex":7},"virtual_file":{"id":"virtual_file","title":"虚拟文件","url":"virtual-file.html","level":2,"parentId":"virtual_file_system","tabIndex":0},"documents":{"id":"documents","title":"Documents","url":"documents.html","level":1,"parentId":"7b79a0d6_25562","tabIndex":8},"editors":{"id":"editors","title":"Editors","url":"editors.html","level":1,"parentId":"7b79a0d6_25562","pages":["editor_basics","text_selection","multiple_carets"],"tabIndex":9},"editor_basics":{"id":"editor_basics","title":"编辑器基础知识","url":"editor-basics.html","level":2,"parentId":"editors","pages":["working_with_text","coordinates_system","editor_events"],"tabIndex":0},"working_with_text":{"id":"working_with_text","title":"1. Working with Text","url":"working-with-text.html","level":3,"parentId":"editor_basics","tabIndex":0},"coordinates_system":{"id":"coordinates_system","title":"2. Editor Coordinates System. Positions and Offsets","url":"coordinates-system.html","level":3,"parentId":"editor_basics","tabIndex":1},"editor_events":{"id":"editor_events","title":"3. Handling Editor Events","url":"editor-events.html","level":3,"parentId":"editor_basics","tabIndex":2},"text_selection":{"id":"text_selection","title":"Text Selection","url":"text-selection.html","level":2,"parentId":"editors","tabIndex":1},"multiple_carets":{"id":"multiple_carets","title":"Multiple Carets","url":"multiple-carets.html","level":2,"parentId":"editors","tabIndex":2},"execution":{"id":"execution","title":"Execution","url":"execution.html","level":1,"parentId":"7b79a0d6_25562","pages":["run_configurations","run_configurations_tutorial"],"tabIndex":10},"run_configurations":{"id":"run_configurations","title":"Run Configurations","url":"run-configurations.html","level":2,"parentId":"execution","tabIndex":0},"run_configurations_tutorial":{"id":"run_configurations_tutorial","title":"Run Configurations Tutorial","url":"run-configurations-tutorial.html","level":2,"parentId":"execution","tabIndex":1},"vcs_integration_for_plugins":{"id":"vcs_integration_for_plugins","title":"Version Control Systems","url":"vcs-integration-for-plugins.html","level":1,"parentId":"7b79a0d6_25562","pages":["7b79a0d6_25612","7b79a0d6_25613"],"tabIndex":11},"7b79a0d6_25612":{"id":"7b79a0d6_25612","title":"差异","level":2,"parentId":"vcs_integration_for_plugins","tabIndex":0},"7b79a0d6_25613":{"id":"7b79a0d6_25613","title":"本地历史","level":2,"parentId":"vcs_integration_for_plugins","tabIndex":1},"7b79a0d6_25614":{"id":"7b79a0d6_25614","title":"任务和背景","level":1,"parentId":"7b79a0d6_25562","tabIndex":12},"localization_guide":{"id":"localization_guide","title":"Localization Guide","url":"localization-guide.html","level":1,"parentId":"7b79a0d6_25562","tabIndex":13},"7b79a0d6_25616":{"id":"7b79a0d6_25616","title":"图表","level":1,"parentId":"7b79a0d6_25562","tabIndex":14},"7b79a0d6_25617":{"id":"7b79a0d6_25617","title":"第三部分——项目模型","level":0,"pages":["project_structure","project","module","sdk","library","facet","external_system_integration"],"tabIndex":4},"project_structure":{"id":"project_structure","title":"Project Structure","url":"project-structure.html","level":1,"parentId":"7b79a0d6_25617","tabIndex":0},"project":{"id":"project","title":"Project","url":"project.html","level":1,"parentId":"7b79a0d6_25617","pages":["trusted_projects","project_wizard","intro_project_wizard","framework"],"tabIndex":1},"trusted_projects":{"id":"trusted_projects","title":"Trusted Project","url":"trusted-projects.html","level":2,"parentId":"project","tabIndex":0},"project_wizard":{"id":"project_wizard","title":"项目向导","url":"project-wizard.html","level":2,"parentId":"project","tabIndex":1},"intro_project_wizard":{"id":"intro_project_wizard","title":"Project Wizard Tutorial","url":"intro-project-wizard.html","level":2,"parentId":"project","pages":["adding_new_steps","module_types"],"tabIndex":2},"adding_new_steps":{"id":"adding_new_steps","title":"Adding New Steps to Project Wizard","url":"adding-new-steps.html","level":3,"parentId":"intro_project_wizard","tabIndex":0},"module_types":{"id":"module_types","title":"Supporting Module Types","url":"module-types.html","level":3,"parentId":"intro_project_wizard","tabIndex":1},"framework":{"id":"framework","title":"Frameworks","url":"framework.html","level":2,"parentId":"project","tabIndex":3},"module":{"id":"module","title":"Module","url":"module.html","level":1,"parentId":"7b79a0d6_25617","tabIndex":2},"sdk":{"id":"sdk","title":"SDK","url":"sdk.html","level":1,"parentId":"7b79a0d6_25617","tabIndex":3},"library":{"id":"library","title":"Library","url":"library.html","level":1,"parentId":"7b79a0d6_25617","tabIndex":4},"facet":{"id":"facet","title":"Facet","url":"facet.html","level":1,"parentId":"7b79a0d6_25617","tabIndex":5},"external_system_integration":{"id":"external_system_integration","title":"External System Integration","url":"external-system-integration.html","level":1,"parentId":"7b79a0d6_25617","tabIndex":6},"7b79a0d6_25631":{"id":"7b79a0d6_25631","title":"第四部分 —— PSI","level":0,"pages":["psi","psi_files","file_view_providers","psi_elements","navigating_psi","psi_references","modifying_psi","psi_cookbook","psi_performance","indexing_and_psi_stubs","element_patterns","uast","xml_dom_api"],"tabIndex":5},"psi":{"id":"psi","title":"什么是 PSI？","url":"psi.html","level":1,"parentId":"7b79a0d6_25631","tabIndex":0},"psi_files":{"id":"psi_files","title":"PSI Files","url":"psi-files.html","level":1,"parentId":"7b79a0d6_25631","tabIndex":1},"file_view_providers":{"id":"file_view_providers","title":"File View Providers","url":"file-view-providers.html","level":1,"parentId":"7b79a0d6_25631","tabIndex":2},"psi_elements":{"id":"psi_elements","title":"PSI Elements","url":"psi-elements.html","level":1,"parentId":"7b79a0d6_25631","tabIndex":3},"navigating_psi":{"id":"navigating_psi","title":"Navigating the PSI","url":"navigating-psi.html","level":1,"parentId":"7b79a0d6_25631","tabIndex":4},"psi_references":{"id":"psi_references","title":"PSI References","url":"psi-references.html","level":1,"parentId":"7b79a0d6_25631","tabIndex":5},"modifying_psi":{"id":"modifying_psi","title":"Modifying the PSI","url":"modifying-psi.html","level":1,"parentId":"7b79a0d6_25631","tabIndex":6},"psi_cookbook":{"id":"psi_cookbook","title":"PSI Cookbook","url":"psi-cookbook.html","level":1,"parentId":"7b79a0d6_25631","tabIndex":7},"psi_performance":{"id":"psi_performance","title":"PSI Performance","url":"psi-performance.html","level":1,"parentId":"7b79a0d6_25631","tabIndex":8},"indexing_and_psi_stubs":{"id":"indexing_and_psi_stubs","title":"Indexing and PSI Stubs","url":"indexing-and-psi-stubs.html","level":1,"parentId":"7b79a0d6_25631","pages":["file_based_indexes","stub_indexes"],"tabIndex":9},"file_based_indexes":{"id":"file_based_indexes","title":"File-Based Indexes","url":"file-based-indexes.html","level":2,"parentId":"indexing_and_psi_stubs","tabIndex":0},"stub_indexes":{"id":"stub_indexes","title":"Stub Indexes","url":"stub-indexes.html","level":2,"parentId":"indexing_and_psi_stubs","tabIndex":1},"element_patterns":{"id":"element_patterns","title":"Element Patterns","url":"element-patterns.html","level":1,"parentId":"7b79a0d6_25631","tabIndex":10},"uast":{"id":"uast","title":"统一的 AST","url":"uast.html","level":1,"parentId":"7b79a0d6_25631","tabIndex":11},"xml_dom_api":{"id":"xml_dom_api","title":"XML DOM API","url":"xml-dom-api.html","level":1,"parentId":"7b79a0d6_25631","tabIndex":12},"7b79a0d6_25647":{"id":"7b79a0d6_25647","title":"第五部分 —— 特点","level":0,"pages":["7b79a0d6_25648","editing","analyzing","7b79a0d6_25673","project_view","7b79a0d6_25676","build_system"],"tabIndex":6},"7b79a0d6_25648":{"id":"7b79a0d6_25648","title":"导航","level":1,"parentId":"7b79a0d6_25647","tabIndex":0},"editing":{"id":"editing","title":"Editing","url":"editing.html","level":1,"parentId":"7b79a0d6_25647","pages":["7b79a0d6_25650","postfix_completion","live_templates","file_and_code_templates","code_documentation","code_intentions"],"tabIndex":1},"7b79a0d6_25650":{"id":"7b79a0d6_25650","title":"Code Completion","level":2,"parentId":"editing","tabIndex":0},"postfix_completion":{"id":"postfix_completion","title":"Postfix Completion","url":"postfix-completion.html","level":2,"parentId":"editing","pages":["postfix_templates","advanced_postfix_templates"],"tabIndex":1},"postfix_templates":{"id":"postfix_templates","title":"Postfix Templates","url":"postfix-templates.html","level":3,"parentId":"postfix_completion","tabIndex":0},"advanced_postfix_templates":{"id":"advanced_postfix_templates","title":"Advanced Postfix Templates","url":"advanced-postfix-templates.html","level":3,"parentId":"postfix_completion","tabIndex":1},"live_templates":{"id":"live_templates","title":"Live Templates","url":"live-templates.html","level":2,"parentId":"editing","pages":["template_support","new_macros"],"tabIndex":2},"template_support":{"id":"template_support","title":"Providing Live Templates","url":"template-support.html","level":3,"parentId":"live_templates","tabIndex":0},"new_macros":{"id":"new_macros","title":"Creating New Functions for Live Templates","url":"new-macros.html","level":3,"parentId":"live_templates","tabIndex":1},"file_and_code_templates":{"id":"file_and_code_templates","title":"File and Code Templates","url":"file-and-code-templates.html","level":2,"parentId":"editing","pages":["providing_file_templates","using_file_templates"],"tabIndex":3},"providing_file_templates":{"id":"providing_file_templates","title":"Providing File and Code Templates","url":"providing-file-templates.html","level":3,"parentId":"file_and_code_templates","tabIndex":0},"using_file_templates":{"id":"using_file_templates","title":"Using File Templates Programmatically","url":"using-file-templates.html","level":3,"parentId":"file_and_code_templates","tabIndex":1},"code_documentation":{"id":"code_documentation","title":"Documentation","url":"code-documentation.html","level":2,"parentId":"editing","tabIndex":4},"code_intentions":{"id":"code_intentions","title":"意图","url":"code-intentions.html","level":2,"parentId":"editing","pages":["code_intentions_preview"],"tabIndex":5},"code_intentions_preview":{"id":"code_intentions_preview","title":"Intention Action Preview","url":"code-intentions-preview.html","level":3,"parentId":"code_intentions","tabIndex":0},"analyzing":{"id":"analyzing","title":"分析","url":"analyzing.html","level":1,"parentId":"7b79a0d6_25647","pages":["syntax_errors","7b79a0d6_25665","code_inspections","controlling_highlighting"],"tabIndex":2},"syntax_errors":{"id":"syntax_errors","title":"Syntax Errors","url":"syntax-errors.html","level":2,"parentId":"analyzing","tabIndex":0},"7b79a0d6_25665":{"id":"7b79a0d6_25665","title":"注解器","level":2,"parentId":"analyzing","tabIndex":1},"code_inspections":{"id":"code_inspections","title":"检查","url":"code-inspections.html","level":2,"parentId":"analyzing","pages":["inspection_options","7b79a0d6_25668","7b79a0d6_25669","7b79a0d6_25670","7b79a0d6_25671"],"tabIndex":2},"inspection_options":{"id":"inspection_options","title":"Inspection Options","url":"inspection-options.html","level":3,"parentId":"code_inspections","tabIndex":0},"7b79a0d6_25668":{"id":"7b79a0d6_25668","title":"Profiles","level":3,"parentId":"code_inspections","tabIndex":1},"7b79a0d6_25669":{"id":"7b79a0d6_25669","title":"作用域","level":3,"parentId":"code_inspections","tabIndex":2},"7b79a0d6_25670":{"id":"7b79a0d6_25670","title":"Suppressing Highlights","level":3,"parentId":"code_inspections","tabIndex":3},"7b79a0d6_25671":{"id":"7b79a0d6_25671","title":"Structural Search","level":3,"parentId":"code_inspections","tabIndex":4},"controlling_highlighting":{"id":"controlling_highlighting","title":"Controlling Highlighting","url":"controlling-highlighting.html","level":2,"parentId":"analyzing","tabIndex":3},"7b79a0d6_25673":{"id":"7b79a0d6_25673","title":"重构","level":1,"parentId":"7b79a0d6_25647","tabIndex":3},"project_view":{"id":"project_view","title":"Project View","url":"project-view.html","level":1,"parentId":"7b79a0d6_25647","pages":["tree_structure_view"],"tabIndex":4},"tree_structure_view":{"id":"tree_structure_view","title":"Modifying Project View Structure","url":"tree-structure-view.html","level":2,"parentId":"project_view","tabIndex":0},"7b79a0d6_25676":{"id":"7b79a0d6_25676","title":"单元测试","level":1,"parentId":"7b79a0d6_25647","tabIndex":5},"build_system":{"id":"build_system","title":"Build System","url":"build-system.html","level":1,"parentId":"7b79a0d6_25647","pages":["external_builder_api"],"tabIndex":6},"external_builder_api":{"id":"external_builder_api","title":"External Builder API and Plugins","url":"external-builder-api.html","level":2,"parentId":"build_system","tabIndex":0},"7b79a0d6_25679":{"id":"7b79a0d6_25679","title":"第六部分 — 测试","level":0,"pages":["testing_plugins","tests_and_fixtures","light_and_heavy_tests","test_project_and_testdata_directories","writing_tests","testing_highlighting","testing_faq"],"tabIndex":7},"testing_plugins":{"id":"testing_plugins","title":"测试概述","url":"testing-plugins.html","level":1,"parentId":"7b79a0d6_25679","tabIndex":0},"tests_and_fixtures":{"id":"tests_and_fixtures","title":"Tests and Fixtures","url":"tests-and-fixtures.html","level":1,"parentId":"7b79a0d6_25679","tabIndex":1},"light_and_heavy_tests":{"id":"light_and_heavy_tests","title":"Light and Heavy Tests","url":"light-and-heavy-tests.html","level":1,"parentId":"7b79a0d6_25679","tabIndex":2},"test_project_and_testdata_directories":{"id":"test_project_and_testdata_directories","title":"Test Project and Testdata Directories","url":"test-project-and-testdata-directories.html","level":1,"parentId":"7b79a0d6_25679","tabIndex":3},"writing_tests":{"id":"writing_tests","title":"Writing Tests","url":"writing-tests.html","level":1,"parentId":"7b79a0d6_25679","tabIndex":4},"testing_highlighting":{"id":"testing_highlighting","title":"Testing Highlighting","url":"testing-highlighting.html","level":1,"parentId":"7b79a0d6_25679","tabIndex":5},"testing_faq":{"id":"testing_faq","title":"Testing FAQ","url":"testing-faq.html","level":1,"parentId":"7b79a0d6_25679","tabIndex":6},"7b79a0d6_25687":{"id":"7b79a0d6_25687","title":"第七部分 — 自定义语言","level":0,"pages":["custom_language_support","custom_language_support_tutorial","writing_tests_for_plugins","language_injection","7b79a0d6_25752","7b79a0d6_25753","7b79a0d6_25754"],"tabIndex":8},"custom_language_support":{"id":"custom_language_support","title":"Custom Language Support","url":"custom-language-support.html","level":1,"parentId":"7b79a0d6_25687","pages":["registering_file_type","implementing_lexer","implementing_parser_and_psi","syntax_highlighting_and_error_highlighting","references_and_resolve","symbols","declarations_and_references","navigation","code_completion","find_usages","rename_refactoring","safe_delete_refactoring","code_formatting","code_inspections_and_intentions","structure_view","navbar","7b79a0d6_25709","surround_with","go_to_class_and_go_to_symbol","documentation","parameter_info","inlay_hints","spell_checking","additional_minor_features"],"tabIndex":0},"registering_file_type":{"id":"registering_file_type","title":"Registering a File Type","url":"registering-file-type.html","level":2,"parentId":"custom_language_support","tabIndex":0},"implementing_lexer":{"id":"implementing_lexer","title":"Implementing Lexer","url":"implementing-lexer.html","level":2,"parentId":"custom_language_support","tabIndex":1},"implementing_parser_and_psi":{"id":"implementing_parser_and_psi","title":"Implementing Parser and PSI","url":"implementing-parser-and-psi.html","level":2,"parentId":"custom_language_support","tabIndex":2},"syntax_highlighting_and_error_highlighting":{"id":"syntax_highlighting_and_error_highlighting","title":"Syntax and Error Highlighting","url":"syntax-highlighting-and-error-highlighting.html","level":2,"parentId":"custom_language_support","tabIndex":3},"references_and_resolve":{"id":"references_and_resolve","title":"References and Resolve","url":"references-and-resolve.html","level":2,"parentId":"custom_language_support","tabIndex":4},"symbols":{"id":"symbols","title":"Symbols","url":"symbols.html","level":2,"parentId":"custom_language_support","pages":["websymbols"],"tabIndex":5},"websymbols":{"id":"websymbols","title":"Web Symbols","url":"websymbols.html","level":3,"parentId":"symbols","pages":["websymbols_implementation","websymbols_integration","websymbols_web_types"],"tabIndex":0},"websymbols_implementation":{"id":"websymbols_implementation","title":"Implementing Web Symbols","url":"websymbols-implementation.html","level":4,"parentId":"websymbols","tabIndex":0},"websymbols_integration":{"id":"websymbols_integration","title":"Web Symbols Integration with language features","url":"websymbols-integration.html","level":4,"parentId":"websymbols","tabIndex":1},"websymbols_web_types":{"id":"websymbols_web_types","title":"Web Types","url":"websymbols-web-types.html","level":4,"parentId":"websymbols","tabIndex":2},"declarations_and_references":{"id":"declarations_and_references","title":"Declarations and References","url":"declarations-and-references.html","level":2,"parentId":"custom_language_support","tabIndex":6},"navigation":{"id":"navigation","title":"Navigation","url":"navigation.html","level":2,"parentId":"custom_language_support","tabIndex":7},"code_completion":{"id":"code_completion","title":"代码补全","url":"code-completion.html","level":2,"parentId":"custom_language_support","tabIndex":8},"find_usages":{"id":"find_usages","title":"Find Usages","url":"find-usages.html","level":2,"parentId":"custom_language_support","tabIndex":9},"rename_refactoring":{"id":"rename_refactoring","title":"Rename Refactoring","url":"rename-refactoring.html","level":2,"parentId":"custom_language_support","tabIndex":10},"safe_delete_refactoring":{"id":"safe_delete_refactoring","title":"Safe Delete Refactoring","url":"safe-delete-refactoring.html","level":2,"parentId":"custom_language_support","tabIndex":11},"code_formatting":{"id":"code_formatting","title":"Code Formatter","url":"code-formatting.html","level":2,"parentId":"custom_language_support","tabIndex":12},"code_inspections_and_intentions":{"id":"code_inspections_and_intentions","title":"Code Inspections and Intentions","url":"code-inspections-and-intentions.html","level":2,"parentId":"custom_language_support","tabIndex":13},"structure_view":{"id":"structure_view","title":"Structure View","url":"structure-view.html","level":2,"parentId":"custom_language_support","tabIndex":14},"navbar":{"id":"navbar","title":"Navigation Bar","url":"navbar.html","level":2,"parentId":"custom_language_support","tabIndex":15},"7b79a0d6_25709":{"id":"7b79a0d6_25709","title":"代码层次结构","level":2,"parentId":"custom_language_support","tabIndex":16},"surround_with":{"id":"surround_with","title":"Surround With","url":"surround-with.html","level":2,"parentId":"custom_language_support","tabIndex":17},"go_to_class_and_go_to_symbol":{"id":"go_to_class_and_go_to_symbol","title":"Go to Class and Go to Symbol","url":"go-to-class-and-go-to-symbol.html","level":2,"parentId":"custom_language_support","tabIndex":18},"documentation":{"id":"documentation","title":"Documentation","url":"documentation.html","level":2,"parentId":"custom_language_support","tabIndex":19},"parameter_info":{"id":"parameter_info","title":"Parameter Info","url":"parameter-info.html","level":2,"parentId":"custom_language_support","tabIndex":20},"inlay_hints":{"id":"inlay_hints","title":"Inlay Hints","url":"inlay-hints.html","level":2,"parentId":"custom_language_support","tabIndex":21},"spell_checking":{"id":"spell_checking","title":"Spell Checking","url":"spell-checking.html","level":2,"parentId":"custom_language_support","tabIndex":22},"additional_minor_features":{"id":"additional_minor_features","title":"Additional Minor Features","url":"additional-minor-features.html","level":2,"parentId":"custom_language_support","tabIndex":23},"custom_language_support_tutorial":{"id":"custom_language_support_tutorial","title":"Custom Language Support Tutorial","url":"custom-language-support-tutorial.html","level":1,"parentId":"7b79a0d6_25687","pages":["prerequisites","language_and_filetype","grammar_and_parser","lexer_and_parser_definition","syntax_highlighter_and_color_settings_page","psi_helper_and_utilities","annotator","line_marker_provider","completion_contributor","reference_contributor","find_usages_provider","folding_builder","go_to_symbol_contributor","structure_view_factory","structure_aware_navbar","formatter","code_style_settings","commenter","quick_fix","documentation_provider","spell_checking_strategy"],"tabIndex":1},"prerequisites":{"id":"prerequisites","title":"1. Prerequisites","url":"prerequisites.html","level":2,"parentId":"custom_language_support_tutorial","tabIndex":0},"language_and_filetype":{"id":"language_and_filetype","title":"2. Language and File Type","url":"language-and-filetype.html","level":2,"parentId":"custom_language_support_tutorial","tabIndex":1},"grammar_and_parser":{"id":"grammar_and_parser","title":"3. Grammar and Parser","url":"grammar-and-parser.html","level":2,"parentId":"custom_language_support_tutorial","tabIndex":2},"lexer_and_parser_definition":{"id":"lexer_and_parser_definition","title":"4. Lexer and Parser Definition","url":"lexer-and-parser-definition.html","level":2,"parentId":"custom_language_support_tutorial","tabIndex":3},"syntax_highlighter_and_color_settings_page":{"id":"syntax_highlighter_and_color_settings_page","title":"5. Syntax Highlighter and Color Settings Page","url":"syntax-highlighter-and-color-settings-page.html","level":2,"parentId":"custom_language_support_tutorial","tabIndex":4},"psi_helper_and_utilities":{"id":"psi_helper_and_utilities","title":"6. PSI Helpers and Utilities","url":"psi-helper-and-utilities.html","level":2,"parentId":"custom_language_support_tutorial","tabIndex":5},"annotator":{"id":"annotator","title":"7. Annotator","url":"annotator.html","level":2,"parentId":"custom_language_support_tutorial","tabIndex":6},"line_marker_provider":{"id":"line_marker_provider","title":"8. Line Marker Provider","url":"line-marker-provider.html","level":2,"parentId":"custom_language_support_tutorial","tabIndex":7},"completion_contributor":{"id":"completion_contributor","title":"9. Completion Contributor","url":"completion-contributor.html","level":2,"parentId":"custom_language_support_tutorial","tabIndex":8},"reference_contributor":{"id":"reference_contributor","title":"10. Reference Contributor","url":"reference-contributor.html","level":2,"parentId":"custom_language_support_tutorial","tabIndex":9},"find_usages_provider":{"id":"find_usages_provider","title":"11. Find Usages Provider","url":"find-usages-provider.html","level":2,"parentId":"custom_language_support_tutorial","tabIndex":10},"folding_builder":{"id":"folding_builder","title":"12. Folding Builder","url":"folding-builder.html","level":2,"parentId":"custom_language_support_tutorial","tabIndex":11},"go_to_symbol_contributor":{"id":"go_to_symbol_contributor","title":"13. Go To Symbol Contributor","url":"go-to-symbol-contributor.html","level":2,"parentId":"custom_language_support_tutorial","tabIndex":12},"structure_view_factory":{"id":"structure_view_factory","title":"14. Structure View Factory","url":"structure-view-factory.html","level":2,"parentId":"custom_language_support_tutorial","tabIndex":13},"structure_aware_navbar":{"id":"structure_aware_navbar","title":"15. Structure Aware Navigation Bar","url":"structure-aware-navbar.html","level":2,"parentId":"custom_language_support_tutorial","tabIndex":14},"formatter":{"id":"formatter","title":"16. Formatter","url":"formatter.html","level":2,"parentId":"custom_language_support_tutorial","tabIndex":15},"code_style_settings":{"id":"code_style_settings","title":"17. Code Style Settings","url":"code-style-settings.html","level":2,"parentId":"custom_language_support_tutorial","tabIndex":16},"commenter":{"id":"commenter","title":"18. Commenter","url":"commenter.html","level":2,"parentId":"custom_language_support_tutorial","tabIndex":17},"quick_fix":{"id":"quick_fix","title":"19. Quick Fix","url":"quick-fix.html","level":2,"parentId":"custom_language_support_tutorial","tabIndex":18},"documentation_provider":{"id":"documentation_provider","title":"20. Documentation","url":"documentation-provider.html","level":2,"parentId":"custom_language_support_tutorial","tabIndex":19},"spell_checking_strategy":{"id":"spell_checking_strategy","title":"21. Spell Checking","url":"spell-checking-strategy.html","level":2,"parentId":"custom_language_support_tutorial","tabIndex":20},"writing_tests_for_plugins":{"id":"writing_tests_for_plugins","title":"Testing a Custom Language Plugin","url":"writing-tests-for-plugins.html","level":1,"parentId":"7b79a0d6_25687","pages":["tests_prerequisites","parsing_test","completion_test","annotator_test","formatter_test","rename_test","folding_test","find_usages_test","commenter_test","reference_test","documentation_test"],"tabIndex":2},"tests_prerequisites":{"id":"tests_prerequisites","title":"1. Tests Prerequisites","url":"tests-prerequisites.html","level":2,"parentId":"writing_tests_for_plugins","tabIndex":0},"parsing_test":{"id":"parsing_test","title":"2. Parsing Test","url":"parsing-test.html","level":2,"parentId":"writing_tests_for_plugins","tabIndex":1},"completion_test":{"id":"completion_test","title":"3. Completion Test","url":"completion-test.html","level":2,"parentId":"writing_tests_for_plugins","tabIndex":2},"annotator_test":{"id":"annotator_test","title":"4. Annotator Test","url":"annotator-test.html","level":2,"parentId":"writing_tests_for_plugins","tabIndex":3},"formatter_test":{"id":"formatter_test","title":"5. Formatter Test","url":"formatter-test.html","level":2,"parentId":"writing_tests_for_plugins","tabIndex":4},"rename_test":{"id":"rename_test","title":"6. Rename Test","url":"rename-test.html","level":2,"parentId":"writing_tests_for_plugins","tabIndex":5},"folding_test":{"id":"folding_test","title":"7. Folding Test","url":"folding-test.html","level":2,"parentId":"writing_tests_for_plugins","tabIndex":6},"find_usages_test":{"id":"find_usages_test","title":"8. Find Usages Test","url":"find-usages-test.html","level":2,"parentId":"writing_tests_for_plugins","tabIndex":7},"commenter_test":{"id":"commenter_test","title":"9. Commenter Test","url":"commenter-test.html","level":2,"parentId":"writing_tests_for_plugins","tabIndex":8},"reference_test":{"id":"reference_test","title":"10. Reference Test","url":"reference-test.html","level":2,"parentId":"writing_tests_for_plugins","tabIndex":9},"documentation_test":{"id":"documentation_test","title":"11. Documentation Test","url":"documentation-test.html","level":2,"parentId":"writing_tests_for_plugins","tabIndex":10},"language_injection":{"id":"language_injection","title":"Language Injection","url":"language-injection.html","level":1,"parentId":"7b79a0d6_25687","tabIndex":3},"7b79a0d6_25752":{"id":"7b79a0d6_25752","title":"构建系统","level":1,"parentId":"7b79a0d6_25687","tabIndex":4},"7b79a0d6_25753":{"id":"7b79a0d6_25753","title":"编译器","level":1,"parentId":"7b79a0d6_25687","tabIndex":5},"7b79a0d6_25754":{"id":"7b79a0d6_25754","title":"调试器","level":1,"parentId":"7b79a0d6_25687","tabIndex":6},"7b79a0d6_25755":{"id":"7b79a0d6_25755","title":"第八部分 — 产品特定","level":0,"pages":["dev_alternate_products","plugin_compatibility","android_studio","app_code","clion","data_grip","goland","idea","phpstorm","pycharm","rider","rubymine","webstorm"],"tabIndex":9},"dev_alternate_products":{"id":"dev_alternate_products","title":"开发多种产品","url":"dev-alternate-products.html","level":1,"parentId":"7b79a0d6_25755","tabIndex":0},"plugin_compatibility":{"id":"plugin_compatibility","title":"与多种产品的兼容性","url":"plugin-compatibility.html","level":1,"parentId":"7b79a0d6_25755","tabIndex":1},"android_studio":{"id":"android_studio","title":"Android Studio","url":"android-studio.html","level":1,"parentId":"7b79a0d6_25755","pages":["android_studio_releases_list"],"tabIndex":2},"android_studio_releases_list":{"id":"android_studio_releases_list","title":"Android Studio Releases List","url":"android-studio-releases-list.html","level":2,"parentId":"android_studio","tabIndex":0},"app_code":{"id":"app_code","title":"AppCode","url":"app-code.html","level":1,"parentId":"7b79a0d6_25755","pages":["appcode_extension_point_list"],"tabIndex":3},"appcode_extension_point_list":{"id":"appcode_extension_point_list","title":"AppCode Extension Point and Listener List","url":"appcode-extension-point-list.html","level":2,"parentId":"app_code","tabIndex":0},"clion":{"id":"clion","title":"CLion","url":"clion.html","level":1,"parentId":"7b79a0d6_25755","pages":["clion_extension_point_list"],"tabIndex":4},"clion_extension_point_list":{"id":"clion_extension_point_list","title":"CLion Extension Point and Listener List","url":"clion-extension-point-list.html","level":2,"parentId":"clion","tabIndex":0},"data_grip":{"id":"data_grip","title":"DataGrip","url":"data-grip.html","level":1,"parentId":"7b79a0d6_25755","pages":["data_grip_extension_point_list"],"tabIndex":5},"data_grip_extension_point_list":{"id":"data_grip_extension_point_list","title":"DataGrip Extension Point and Listener List","url":"data-grip-extension-point-list.html","level":2,"parentId":"data_grip","tabIndex":0},"goland":{"id":"goland","title":"GoLand","url":"goland.html","level":1,"parentId":"7b79a0d6_25755","pages":["goland_extension_point_list"],"tabIndex":6},"goland_extension_point_list":{"id":"goland_extension_point_list","title":"GoLand Extension Point and Listener List","url":"goland-extension-point-list.html","level":2,"parentId":"goland","tabIndex":0},"idea":{"id":"idea","title":"IntelliJ IDEA","url":"idea.html","level":1,"parentId":"7b79a0d6_25755","pages":["idea_ultimate"],"tabIndex":7},"idea_ultimate":{"id":"idea_ultimate","title":"IntelliJ IDEA Ultimate","url":"idea-ultimate.html","level":2,"parentId":"idea","pages":["oss_plugins_extension_point_list","tomcat_integration","spring_api"],"tabIndex":0},"oss_plugins_extension_point_list":{"id":"oss_plugins_extension_point_list","title":"Open Source Plugins Extension Point and Listener List","url":"oss-plugins-extension-point-list.html","level":3,"parentId":"idea_ultimate","tabIndex":0},"tomcat_integration":{"id":"tomcat_integration","title":"Tomcat Integration","url":"tomcat-integration.html","level":3,"parentId":"idea_ultimate","tabIndex":1},"spring_api":{"id":"spring_api","title":"Spring API","url":"spring-api.html","level":3,"parentId":"idea_ultimate","pages":["spring_extension_point_list"],"tabIndex":2},"spring_extension_point_list":{"id":"spring_extension_point_list","title":"Spring API Extension Point and Listener List","url":"spring-extension-point-list.html","level":4,"parentId":"spring_api","tabIndex":0},"phpstorm":{"id":"phpstorm","title":"PhpStorm","url":"phpstorm.html","level":1,"parentId":"7b79a0d6_25755","pages":["php_open_api","php_extension_point_list","existing_plugins"],"tabIndex":8},"php_open_api":{"id":"php_open_api","title":"使用 PHP 开放 API","url":"php-open-api.html","level":2,"parentId":"phpstorm","pages":["php_open_api_php_type_providers","php_open_api_breaking_changes"],"tabIndex":0},"php_open_api_php_type_providers":{"id":"php_open_api_php_type_providers","title":"PHP Type Providers","url":"php-open-api-php-type-providers.html","level":3,"parentId":"php_open_api","tabIndex":0},"php_open_api_breaking_changes":{"id":"php_open_api_breaking_changes","title":"重大变化","url":"php-open-api-breaking-changes.html","level":3,"parentId":"php_open_api","pages":["php_open_api_breaking_changes_203","php_open_api_breaking_changes_202"],"tabIndex":1},"php_open_api_breaking_changes_203":{"id":"php_open_api_breaking_changes_203","title":"2020.3","url":"php-open-api-breaking-changes-203.html","level":4,"parentId":"php_open_api_breaking_changes","tabIndex":0},"php_open_api_breaking_changes_202":{"id":"php_open_api_breaking_changes_202","title":"2020.2","url":"php-open-api-breaking-changes-202.html","level":4,"parentId":"php_open_api_breaking_changes","tabIndex":1},"php_extension_point_list":{"id":"php_extension_point_list","title":"PHP Extension Point and Listener List","url":"php-extension-point-list.html","level":2,"parentId":"phpstorm","tabIndex":1},"existing_plugins":{"id":"existing_plugins","title":"现有的第三方插件","url":"existing-plugins.html","level":2,"parentId":"phpstorm","tabIndex":2},"pycharm":{"id":"pycharm","title":"PyCharm","url":"pycharm.html","level":1,"parentId":"7b79a0d6_25755","tabIndex":9},"rider":{"id":"rider","title":"Rider","url":"rider.html","level":1,"parentId":"7b79a0d6_25755","pages":["rider_extension_point_list"],"tabIndex":10},"rider_extension_point_list":{"id":"rider_extension_point_list","title":"Rider Extension Point and Listener List","url":"rider-extension-point-list.html","level":2,"parentId":"rider","tabIndex":0},"rubymine":{"id":"rubymine","title":"RubyMine","url":"rubymine.html","level":1,"parentId":"7b79a0d6_25755","pages":["rubymine_extension_point_list"],"tabIndex":11},"rubymine_extension_point_list":{"id":"rubymine_extension_point_list","title":"RubyMine Extension Point and Listener List","url":"rubymine-extension-point-list.html","level":2,"parentId":"rubymine","tabIndex":0},"webstorm":{"id":"webstorm","title":"WebStorm","url":"webstorm.html","level":1,"parentId":"7b79a0d6_25755","pages":["webstorm_extension_point_list"],"tabIndex":12},"webstorm_extension_point_list":{"id":"webstorm_extension_point_list","title":"WebStorm Extension Point and Listener List","url":"webstorm-extension-point-list.html","level":2,"parentId":"webstorm","tabIndex":0},"7b79a0d6_25789":{"id":"7b79a0d6_25789","title":"第九部分 — 自定义 IDE","level":0,"pages":["7b79a0d6_25790","7b79a0d6_25791"],"tabIndex":10},"7b79a0d6_25790":{"id":"7b79a0d6_25790","title":"构建您自己的 IDE","level":1,"parentId":"7b79a0d6_25789","tabIndex":0},"7b79a0d6_25791":{"id":"7b79a0d6_25791","title":"许可","level":1,"parentId":"7b79a0d6_25789","tabIndex":1},"7b79a0d6_25792":{"id":"7b79a0d6_25792","title":"第十部分 —— 主题","level":0,"pages":["themes_getting_started","developing_themes","theme_structure"],"tabIndex":11},"themes_getting_started":{"id":"themes_getting_started","title":"入门","url":"themes-getting-started.html","level":1,"parentId":"7b79a0d6_25792","tabIndex":0},"developing_themes":{"id":"developing_themes","title":"开发主题","url":"developing-themes.html","level":1,"parentId":"7b79a0d6_25792","pages":["setting_up_theme_environment","creating_theme_project","running_and_debugging_a_theme","deploying_theme"],"tabIndex":1},"setting_up_theme_environment":{"id":"setting_up_theme_environment","title":"设置开发环境","url":"setting-up-theme-environment.html","level":2,"parentId":"developing_themes","tabIndex":0},"creating_theme_project":{"id":"creating_theme_project","title":"创建主题项目","url":"creating-theme-project.html","level":2,"parentId":"developing_themes","tabIndex":1},"running_and_debugging_a_theme":{"id":"running_and_debugging_a_theme","title":"Running and Debugging a Theme","url":"running-and-debugging-a-theme.html","level":2,"parentId":"developing_themes","tabIndex":2},"deploying_theme":{"id":"deploying_theme","title":"Deploying a Theme","url":"deploying-theme.html","level":2,"parentId":"developing_themes","tabIndex":3},"theme_structure":{"id":"theme_structure","title":"Theme Structure","url":"theme-structure.html","level":1,"parentId":"7b79a0d6_25792","pages":["themes_customize","themes_extras"],"tabIndex":2},"themes_customize":{"id":"themes_customize","title":"定制主题","url":"themes-customize.html","level":2,"parentId":"theme_structure","tabIndex":0},"themes_extras":{"id":"themes_extras","title":"添加主题方案和图像","url":"themes-extras.html","level":2,"parentId":"theme_structure","tabIndex":1},"7b79a0d6_25802":{"id":"7b79a0d6_25802","title":"附录一 — 资源","level":0,"pages":["glossary","explore_api","build_number_ranges","intellij_artifacts","extension_point_list","useful_links","learning_resources","marketing","consulting","custom_plugin_repository","plugin_repository_obsolete"],"tabIndex":12},"glossary":{"id":"glossary","title":"词汇表","url":"glossary.html","level":1,"parentId":"7b79a0d6_25802","tabIndex":0},"explore_api":{"id":"explore_api","title":"探索 API","url":"explore-api.html","level":1,"parentId":"7b79a0d6_25802","tabIndex":1},"build_number_ranges":{"id":"build_number_ranges","title":"Build Number Ranges","url":"build-number-ranges.html","level":1,"parentId":"7b79a0d6_25802","tabIndex":2},"intellij_artifacts":{"id":"intellij_artifacts","title":"IntelliJ 平台工件存储库","url":"intellij-artifacts.html","level":1,"parentId":"7b79a0d6_25802","tabIndex":3},"extension_point_list":{"id":"extension_point_list","title":"Extension Point and Listener List","url":"extension-point-list.html","level":1,"parentId":"7b79a0d6_25802","tabIndex":4},"useful_links":{"id":"useful_links","title":"有用的链接","url":"useful-links.html","level":1,"parentId":"7b79a0d6_25802","tabIndex":5},"learning_resources":{"id":"learning_resources","title":"学习资源","url":"learning-resources.html","level":1,"parentId":"7b79a0d6_25802","tabIndex":6},"marketing":{"id":"marketing","title":"Marketing","url":"marketing.html","level":1,"parentId":"7b79a0d6_25802","tabIndex":7},"consulting":{"id":"consulting","title":"Consulting","url":"consulting.html","level":1,"parentId":"7b79a0d6_25802","tabIndex":8},"custom_plugin_repository":{"id":"custom_plugin_repository","title":"Custom Plugin Repository","url":"custom-plugin-repository.html","level":1,"parentId":"7b79a0d6_25802","tabIndex":9},"plugin_repository_obsolete":{"id":"plugin_repository_obsolete","title":"JetBrains Marketplace","url":"plugin-repository-obsolete.html","level":1,"parentId":"7b79a0d6_25802","tabIndex":10},"7b79a0d6_25814":{"id":"7b79a0d6_25814","title":"附录 II — API 和兼容性","level":0,"pages":["verifying_plugin_compatibility","api_changes_list","api_notable","api_internal"],"tabIndex":13},"verifying_plugin_compatibility":{"id":"verifying_plugin_compatibility","title":"验证插件兼容性","url":"verifying-plugin-compatibility.html","level":1,"parentId":"7b79a0d6_25814","tabIndex":0},"api_changes_list":{"id":"api_changes_list","title":"不兼容的 API 更改","url":"api-changes-list.html","level":1,"parentId":"7b79a0d6_25814","pages":["api_changes_list_2023","api_changes_list_2022","api_changes_list_2021","api_changes_list_2020","api_changes_list_2019"],"tabIndex":1},"api_changes_list_2023":{"id":"api_changes_list_2023","title":"2023.*","url":"api-changes-list-2023.html","level":2,"parentId":"api_changes_list","tabIndex":0},"api_changes_list_2022":{"id":"api_changes_list_2022","title":"2022.*","url":"api-changes-list-2022.html","level":2,"parentId":"api_changes_list","tabIndex":1},"api_changes_list_2021":{"id":"api_changes_list_2021","title":"2021.*","url":"api-changes-list-2021.html","level":2,"parentId":"api_changes_list","tabIndex":2},"api_changes_list_2020":{"id":"api_changes_list_2020","title":"2020.*","url":"api-changes-list-2020.html","level":2,"parentId":"api_changes_list","tabIndex":3},"api_changes_list_2019":{"id":"api_changes_list_2019","title":"2019.*","url":"api-changes-list-2019.html","level":2,"parentId":"api_changes_list","tabIndex":4},"api_notable":{"id":"api_notable","title":"显着的 API 变化","url":"api-notable.html","level":1,"parentId":"7b79a0d6_25814","pages":["api_notable_list_2023","api_notable_list_2022","api_notable_list_2021","api_notable_list_2020","api_notable_list_2019"],"tabIndex":2},"api_notable_list_2023":{"id":"api_notable_list_2023","title":"2023.*","url":"api-notable-list-2023.html","level":2,"parentId":"api_notable","tabIndex":0},"api_notable_list_2022":{"id":"api_notable_list_2022","title":"2022.*","url":"api-notable-list-2022.html","level":2,"parentId":"api_notable","tabIndex":1},"api_notable_list_2021":{"id":"api_notable_list_2021","title":"2021.*","url":"api-notable-list-2021.html","level":2,"parentId":"api_notable","tabIndex":2},"api_notable_list_2020":{"id":"api_notable_list_2020","title":"2020.*","url":"api-notable-list-2020.html","level":2,"parentId":"api_notable","tabIndex":3},"api_notable_list_2019":{"id":"api_notable_list_2019","title":"2019.*","url":"api-notable-list-2019.html","level":2,"parentId":"api_notable","tabIndex":4},"api_internal":{"id":"api_internal","title":"Internal API Migration","url":"api-internal.html","level":1,"parentId":"7b79a0d6_25814","tabIndex":3},"7b79a0d6_25829":{"id":"7b79a0d6_25829","title":"附录 III — 工具","level":0,"pages":["tools_gradle_intellij_plugin","tools_gradle_grammar_kit_plugin","7b79a0d6_25836"],"tabIndex":14},"tools_gradle_intellij_plugin":{"id":"tools_gradle_intellij_plugin","title":"Gradle IntelliJ 插件","url":"tools-gradle-intellij-plugin.html","level":1,"parentId":"7b79a0d6_25829","pages":["tools_gradle_intellij_plugin_examples","tools_gradle_intellij_plugin_build_features","tools_gradle_intellij_plugin_faq","7b79a0d6_25834"],"tabIndex":0},"tools_gradle_intellij_plugin_examples":{"id":"tools_gradle_intellij_plugin_examples","title":"使用示例","url":"tools-gradle-intellij-plugin-examples.html","level":2,"parentId":"tools_gradle_intellij_plugin","tabIndex":0},"tools_gradle_intellij_plugin_build_features":{"id":"tools_gradle_intellij_plugin_build_features","title":"构建特点","url":"tools-gradle-intellij-plugin-build-features.html","level":2,"parentId":"tools_gradle_intellij_plugin","tabIndex":1},"tools_gradle_intellij_plugin_faq":{"id":"tools_gradle_intellij_plugin_faq","title":"常问问题","url":"tools-gradle-intellij-plugin-faq.html","level":2,"parentId":"tools_gradle_intellij_plugin","tabIndex":2},"7b79a0d6_25834":{"id":"7b79a0d6_25834","title":"从 0.x 到 1.x 的迁移指南","url":"https://lp.jetbrains.com/gradle-intellij-plugin/","level":2,"parentId":"tools_gradle_intellij_plugin","tabIndex":3},"tools_gradle_grammar_kit_plugin":{"id":"tools_gradle_grammar_kit_plugin","title":"Gradle Grammar-Kit Plugin","url":"tools-gradle-grammar-kit-plugin.html","level":1,"parentId":"7b79a0d6_25829","tabIndex":1},"7b79a0d6_25836":{"id":"7b79a0d6_25836","title":"IDE 工具","level":1,"parentId":"7b79a0d6_25829","pages":["internal_actions_intro"],"tabIndex":2},"internal_actions_intro":{"id":"internal_actions_intro","title":"Internal Actions Menu","url":"internal-actions-intro.html","level":2,"parentId":"7b79a0d6_25836","pages":["enabling_internal","internal_ui_sub"],"tabIndex":0},"enabling_internal":{"id":"enabling_internal","title":"Enabling Internal Mode","url":"enabling-internal.html","level":3,"parentId":"internal_actions_intro","tabIndex":0},"internal_ui_sub":{"id":"internal_ui_sub","title":"用户界面（UI）工具","url":"internal-ui-sub.html","level":3,"parentId":"internal_actions_intro","pages":["internal_ui_inspector","internal_ui_laf_defaults"],"tabIndex":1},"internal_ui_inspector":{"id":"internal_ui_inspector","title":"用户界面（UI）检查器","url":"internal-ui-inspector.html","level":4,"parentId":"internal_ui_sub","tabIndex":0},"internal_ui_laf_defaults":{"id":"internal_ui_laf_defaults","title":"LaF 默认值","url":"internal-ui-laf-defaults.html","level":4,"parentId":"internal_ui_sub","tabIndex":1}}},"topLevelIds":["welcome","7b79a0d6_25519","7b79a0d6_25532","7b79a0d6_25562","7b79a0d6_25617","7b79a0d6_25631","7b79a0d6_25647","7b79a0d6_25679","7b79a0d6_25687","7b79a0d6_25755","7b79a0d6_25789","7b79a0d6_25792","7b79a0d6_25802","7b79a0d6_25814","7b79a0d6_25829"]}