{"title":"Plugin Structure","subtitle":"Learn about the plugin system structure and plugin components lifecycle.","tips":[{"title":"插件配置文件","description":"A detailed description of the plugin.xml configuration file elements","url":"plugin-configuration-file.html","type":"file"},{"title":"\n                Plugin Dependencies","description":"Declare required or optional dependencies on other IntelliJ Platform plugins","url":"plugin-dependencies.html","type":"folder"}],"main":{"title":"Plugin content and building blocks","data":[{"title":"Plugin Content","description":"Plugin distribution package types and their contents","url":"plugin-content.html"},{"title":"Actions","description":"Introduction to plugin action system","url":"plugin-actions.html"},{"title":"Extensions","description":"Extend IDE functionality by implementing extensions","url":"plugin-extensions.html"},{"title":"Services","description":"Service types, registration and lifecycle","url":"plugin-services.html"},{"title":"Listeners","description":"Subscribe to events emitted by IDE and other plugins","url":"plugin-listeners.html"},{"title":"Extension Points","description":"Allow other plugins extending your plugin functionality","url":"plugin-extension-points.html"},{"title":"\n                Components (deprecated)","description":"Migrate legacy components to the current solutions","url":"plugin-components.html"},{"title":"Plugin Logo","description":"Plugin icon displayed in IDE and JetBrains Marketplace","url":"plugin-icon-file.html"}]},"highlighted":{"title":"Advanced topics","data":[{"title":"\n                Plugin Class Loaders","description":"Learn how plugin and dependency classes are loaded in IDE","url":"plugin-class-loaders.html"},{"title":"Bundling Plugin API Sources","description":"Expose your plugin API sources for other plugins","url":"bundling-plugin-openapi-sources.html"}]},"prevNextLinks":{"prevPageTitle":"Publishing a Plugin","nextPageUrl":"plugin-content.html","nextPageTitle":"Plugin Content","prevPageUrl":"publishing-plugin.html"}}