{"title":"IntelliJ 平台 SDK","subtitle":"通过创建插件、自定义语言支持或 UI 主题来扩展 IntelliJ 平台。","tips":[{"title":"快速入门指南","description":"使用 IntelliJ 平台和创建插件的基础知识。","url":"plugins-quick-start.html","type":"start"},{"title":"IntelliJ 平台 SDK","description":"内容介绍和概述。","url":"about.html","type":"library"}],"main":{"title":"开始使用","data":[{"title":"开发插件","description":"开始构建 IDE 插件。","url":"developing-plugins.html","type":"development"},{"title":"开发一个主题","description":"自定义 IDE 外观。","url":"themes-getting-started.html","type":"creative"}]},"highlighted":{"title":"探索和学习","data":[{"title":"寻求帮助","description":"加入我们的插件开发者社区，提出问题并提供反馈。","url":"getting-help.html","type":"community"},{"title":"探索 IntelliJ 平台 API","description":"探索 API 的策略和工具。","url":"explore-api.html","type":"search"},{"title":"有用的链接","description":"实用的工具、插件和存储库。","url":"useful-links.html"},{"title":"学习资源","description":"有关插件开发的文章和网络研讨会。","url":"learning-resources.html"},{"title":"JetBrains 平台博客","description":"有关 JetBrains 产品的插件和扩展开发的所有信息。","url":"https://blog.jetbrains.com/platform/"},{"title":"忙碌的插件开发人员 - 播放列表","description":"包含录制的网络研讨会的 YouTube 播放列表。","url":"https://www.youtube.com/playlist?list\u003dPLQ176FUIyIUZRWGCFY7G9V5zaM00THymY"}]},"groups":[{"title":"工具","type":"cards","display":"wide","data":[{"title":"IntelliJ 平台资源管理器","description":"探索开源插件中的扩展和侦听器。","url":"https://jb.gg/ipe"},{"title":"插件创意","description":"浏览新插件的建议并对其进行投票。","url":"https://plugins.jetbrains.com/plugin-ideas/"}]},{"title":"保持最新状态","type":"cards","display":"wide","data":[{"title":"Content Updates","description":"文档的最新更新。","url":"content-updates.html"},{"title":"插件市场开发者新闻","description":"订阅以接收新闻和公告。","url":"https://jb.gg/mp-updates"},{"title":"不兼容的 API 更改","description":"已知的重大变更。","url":"api-changes-list.html"},{"title":"显着的 API 变化","description":"显着的变化和新功能。","url":"api-notable.html"}]}],"prevNextLinks":{"nextPageUrl":"intellij-platform.html","nextPageTitle":"IntelliJ 平台"}}